year,wildfire_area
2012,72945123.33333333
2013,64660404.333333336
2014,67716701.5
2015,73918606.33333333
2016,69357200.16666667
2017,68629419.16666667
2018,54949209.333333336
2019,67913343
2020,68124563.83333333
2021,64037725
2022,60675236.666666664
2023,66653867.333333336
2024,14303440
